Category,Page
Agriculture,/Agriculture/
Apparel,/Apparel/
Automobiles & Motorcycles,/Automobiles_Motorcycles/
Business Services,/Business_Services/
Chemicals,/Chemicals/
Computer Hardware & Software,/Computer_Hardware_Software/
Construction & Real Estate,/Construction_Real_Estate/
Consumer Electronics,/Consumer_Electronics/
Electrical Equipment & Supplies,/Electrical_Equipment_Supplies/
Electronic Components & Supplies,/Electronic_Components_Supplies/
Energy,/Energy/
Environment,/Environment/
Excess Inventory,/Excess_Inventory/
Fashion Accessories,/Fashion_Accessories/
Food & Beverage,/Food_Beverage/
Furniture & Furnishings,/Furniture_Furnishings/
General Industrial Equipment,/General_Industrial_Equipment/
General Mechanical Components,/General_Mechanical_Components/
Gifts & Crafts,/Gifts_Crafts/
Hardware,/Hardware/
Health & Medical,/Health_Medical/
Home & Garden,/Home_Garden/
Home Appliances,/Home_Appliances/
Lights & Lighting,/Lights_Lighting/
"Luggage, Bags & Cases",/Luggage_Bags_Cases/
Manufacturing & Processing Machinery,/Manufacturing_Processing_Machinery/
Measurement & Analysis Instruments,/Measurement_Analysis_Instruments/
Minerals & Metallurgy,/Minerals_Metallurgy/
Office & School Supplies,/Office_School_Supplies/
Packaging & Paper,/Packaging_Paper/
Personal Care,/Personal_Care/
Printing & Publishing,/Printing_Publishing/
Rubber & Plastics,/Rubber_Plastics/
Security & Protection,/Security_Protection/
Service Equipment,/Service_Equipment/
Shoes & Accessories,/Shoes_Accessories/
Sports & Entertainment,/Sports_Entertainment/
Telecommunications,/Telecommunications/
Textiles & Leather Products,/Textiles_Leather_Products/
"Timepieces, Jewelry, Eyewear",/Timepieces_Jewelry_Eyewear/
Tools,/Tools/
Toys,/Toys/
Transportation,/Transportation/
